{"cameraMode":{"drawMode":0,"name":"Shaded","section":"Shading Mode"},"sceneLighting":true,"audioPlay":false,"sceneViewState":{"showFog":true,"showMaterialUpdate":false,"showSkybox":true,"showFlares":true,"showImageEffects":true,"showParticleSystems":true},"in2DMode":false,"pivot":{"x":-0.003690958023071289,"y":1.4094499349594117,"z":1.4600000381469727},"rotation":{"x":-0.04351281002163887,"y":0.9564815759658814,"z":-0.207180455327034,"w":-0.20088301599025727},"size":5.837860584259033,"orthographic":false}